,Age,Height,Weight,IMC,FCVC,NCP,CH2O,FAF,TUE
Age,1.0,-0.030737703386786684,0.19026341272732758,0.23246072530693995,0.012023610147041739,-0.04739114234111027,-0.045674820730964565,-0.14472459216471312,-0.2994385798810272
Height,-0.030737703386786684,1.0,0.46313611661563053,0.1317845424188833,-0.038121058395854494,0.2436717259579039,0.2133759171103629,0.2947089984659641,0.05191166634792344
Weight,0.19026341272732758,0.46313611661563053,1.0,0.9348057478001154,0.21612470500918607,0.10746898796844538,0.20057538691633867,-0.05143626950415558,-0.071561358960036
IMC,0.23246072530693995,0.1317845424188833,0.9348057478001154,1.0,0.2636508377835148,0.0399692806185264,0.14420028026170545,-0.17753731835430103,-0.09972039295973421
FCVC,0.012023610147041739,-0.038121058395854494,0.21612470500918607,0.2636508377835148,1.0,0.04221629598271106,0.06846147191156793,0.01993939834871638,-0.10113484623419651
NCP,-0.04739114234111027,0.2436717259579039,0.10746898796844538,0.0399692806185264,0.04221629598271106,1.0,0.05708799585311921,0.12950430683838984,0.03632557228485035
CH2O,-0.045674820730964565,0.2133759171103629,0.20057538691633867,0.14420028026170545,0.06846147191156793,0.05708799585311921,1.0,0.16723649219164072,0.01196533841818702
FAF,-0.14472459216471312,0.2947089984659641,-0.05143626950415558,-0.17753731835430103,0.01993939834871638,0.12950430683838984,0.16723649219164072,1.0,0.058562065843032966
TUE,-0.2994385798810272,0.05191166634792344,-0.071561358960036,-0.09972039295973421,-0.10113484623419651,0.03632557228485035,0.01196533841818702,0.058562065843032966,1.0
